"Height","Weight"
73.847017017515,141.893563180437
74.1101053917849,
71.7309784033377,220.042470303077
,206.349800623871
68.3485155115879,
63.4564939783664,156.399676387112
71.1953822829745,
,189.446181386738
29.2437322298112,186.434168021239
,172.883470208780
,185.983957573130
75.2059736142212,
,192.343976579187
72.8008435165003,506.828189420354
27.4212422817167,